Sexo;Comunidades y Ciudades Autónomas;Edad;Periodo;Total
Ambos sexos;Total Nacional;Total;2023;51,84
Ambos sexos;Total Nacional;Total;2022;51,07
Ambos sexos;Total Nacional;Total;2021;49,87
Ambos sexos;Total Nacional;Menores de 25 años;2023;26,57
Ambos sexos;Total Nacional;Menores de 25 años;2022;25,70
Ambos sexos;Total Nacional;Menores de 25 años;2021;22,99
Ambos sexos;Total Nacional;25 y más años;2023;55,06
Ambos sexos;Total Nacional;25 y más años;2022;54,24
Ambos sexos;Total Nacional;25 y más años;2021;53,16
Ambos sexos;Total Nacional;De 16 a 19 años;2023;8,21
Ambos sexos;Total Nacional;De 16 a 19 años;2022;7,88
Ambos sexos;Total Nacional;De 16 a 19 años;2021;6,50
Ambos sexos;Total Nacional;De 20 a 24 años;2023;41,38
Ambos sexos;Total Nacional;De 20 a 24 años;2022;40,28
Ambos sexos;Total Nacional;De 20 a 24 años;2021;36,44
Ambos sexos;Total Nacional;De 25 a 54 años;2023;78,38
Ambos sexos;Total Nacional;De 25 a 54 años;2022;77,16
Ambos sexos;Total Nacional;De 25 a 54 años;2021;75,37
Ambos sexos;Total Nacional;55 y más años;2023;26,80
Ambos sexos;Total Nacional;55 y más años;2022;25,97
Ambos sexos;Total Nacional;55 y más años;2021;25,01
Ambos sexos;01 Andalucía;Total;2023;46,87
Ambos sexos;01 Andalucía;Total;2022;45,86
Ambos sexos;01 Andalucía;Total;2021;44,67
Ambos sexos;01 Andalucía;Menores de 25 años;2023;20,94
Ambos sexos;01 Andalucía;Menores de 25 años;2022;21,14
Ambos sexos;01 Andalucía;Menores de 25 años;2021;18,37
Ambos sexos;01 Andalucía;25 y más años;2023;50,38
Ambos sexos;01 Andalucía;25 y más años;2022;49,18
Ambos sexos;01 Andalucía;25 y más años;2021;48,14
Ambos sexos;01 Andalucía;De 16 a 19 años;2023;5,81
Ambos sexos;01 Andalucía;De 16 a 19 años;2022;5,80
Ambos sexos;01 Andalucía;De 16 a 19 años;2021;4,68
Ambos sexos;01 Andalucía;De 20 a 24 años;2023;33,50
Ambos sexos;01 Andalucía;De 20 a 24 años;2022;33,96
Ambos sexos;01 Andalucía;De 20 a 24 años;2021;29,62
Ambos sexos;01 Andalucía;De 25 a 54 años;2023;71,46
Ambos sexos;01 Andalucía;De 25 a 54 años;2022;69,47
Ambos sexos;01 Andalucía;De 25 a 54 años;2021;67,41
Ambos sexos;01 Andalucía;55 y más años;2023;23,42
Ambos sexos;01 Andalucía;55 y más años;2022;22,51
Ambos sexos;01 Andalucía;55 y más años;2021;22,01
Ambos sexos;02 Aragón;Total;2023;53,80
Ambos sexos;02 Aragón;Total;2022;53,27
Ambos sexos;02 Aragón;Total;2021;52,64
Ambos sexos;02 Aragón;Menores de 25 años;2023;27,60
Ambos sexos;02 Aragón;Menores de 25 años;2022;27,88
Ambos sexos;02 Aragón;Menores de 25 años;2021;26,88
Ambos sexos;02 Aragón;25 y más años;2023;57,02
Ambos sexos;02 Aragón;25 y más años;2022;56,34
Ambos sexos;02 Aragón;25 y más años;2021;55,66
Ambos sexos;02 Aragón;De 16 a 19 años;2023;7,48
Ambos sexos;02 Aragón;De 16 a 19 años;2022;11,79
Ambos sexos;02 Aragón;De 16 a 19 años;2021;8,60
Ambos sexos;02 Aragón;De 20 a 24 años;2023;44,11
Ambos sexos;02 Aragón;De 20 a 24 años;2022;41,48
Ambos sexos;02 Aragón;De 20 a 24 años;2021;41,98
Ambos sexos;02 Aragón;De 25 a 54 años;2023;83,91
Ambos sexos;02 Aragón;De 25 a 54 años;2022;82,52
Ambos sexos;02 Aragón;De 25 a 54 años;2021;81,41
Ambos sexos;02 Aragón;55 y más años;2023;27,57
Ambos sexos;02 Aragón;55 y más años;2022;27,33
Ambos sexos;02 Aragón;55 y más años;2021;26,22
Ambos sexos;03 Asturias, Principado de;Total;2023;44,53
Ambos sexos;03 Asturias, Principado de;Total;2022;43,50
Ambos sexos;03 Asturias, Principado de;Total;2021;44,33
Ambos sexos;03 Asturias, Principado de;Menores de 25 años;2023;20,93
Ambos sexos;03 Asturias, Principado de;Menores de 25 años;2022;17,65
Ambos sexos;03 Asturias, Principado de;Menores de 25 años;2021;18,12
Ambos sexos;03 Asturias, Principado de;25 y más años;2023;46,72
Ambos sexos;03 Asturias, Principado de;25 y más años;2022;45,82
Ambos sexos;03 Asturias, Principado de;25 y más años;2021;46,56
Ambos sexos;03 Asturias, Principado de;De 16 a 19 años;2023;3,51
Ambos sexos;03 Asturias, Principado de;De 16 a 19 años;2022;2,22
Ambos sexos;03 Asturias, Principado de;De 16 a 19 años;2021;2,60
Ambos sexos;03 Asturias, Principado de;De 20 a 24 años;2023;35,95
Ambos sexos;03 Asturias, Principado de;De 20 a 24 años;2022;30,67
Ambos sexos;03 Asturias, Principado de;De 20 a 24 años;2021;30,17
Ambos sexos;03 Asturias, Principado de;De 25 a 54 años;2023;74,88
Ambos sexos;03 Asturias, Principado de;De 25 a 54 años;2022;73,45
Ambos sexos;03 Asturias, Principado de;De 25 a 54 años;2021;74,13
Ambos sexos;03 Asturias, Principado de;55 y más años;2023;21,90
Ambos sexos;03 Asturias, Principado de;55 y más años;2022;21,01
Ambos sexos;03 Asturias, Principado de;55 y más años;2021;21,09
Ambos sexos;04 Balears, Illes;Total;2023;57,12
Ambos sexos;04 Balears, Illes;Total;2022;57,09
Ambos sexos;04 Balears, Illes;Total;2021;53,87
Ambos sexos;04 Balears, Illes;Menores de 25 años;2023;32,39
Ambos sexos;04 Balears, Illes;Menores de 25 años;2022;31,50
Ambos sexos;04 Balears, Illes;Menores de 25 años;2021;23,70
Ambos sexos;04 Balears, Illes;25 y más años;2023;60,29
Ambos sexos;04 Balears, Illes;25 y más años;2022;60,24
Ambos sexos;04 Balears, Illes;25 y más años;2021;57,56
Ambos sexos;04 Balears, Illes;De 16 a 19 años;2023;12,82
Ambos sexos;04 Balears, Illes;De 16 a 19 años;2022;9,69
Ambos sexos;04 Balears, Illes;De 16 a 19 años;2021;8,51
Ambos sexos;04 Balears, Illes;De 20 a 24 años;2023;47,90
Ambos sexos;04 Balears, Illes;De 20 a 24 años;2022;48,45
Ambos sexos;04 Balears, Illes;De 20 a 24 años;2021;35,82
Ambos sexos;04 Balears, Illes;De 25 a 54 años;2023;78,70
Ambos sexos;04 Balears, Illes;De 25 a 54 años;2022;78,82
Ambos sexos;04 Balears, Illes;De 25 a 54 años;2021;74,35
Ambos sexos;04 Balears, Illes;55 y más años;2023;31,79
Ambos sexos;04 Balears, Illes;55 y más años;2022;31,18
Ambos sexos;04 Balears, Illes;55 y más años;2021;30,60
Ambos sexos;05 Canarias;Total;2023;50,18
Ambos sexos;05 Canarias;Total;2022;48,72
Ambos sexos;05 Canarias;Total;2021;44,52
Ambos sexos;05 Canarias;Menores de 25 años;2023;24,73
Ambos sexos;05 Canarias;Menores de 25 años;2022;18,09
Ambos sexos;05 Canarias;Menores de 25 años;2021;13,54
Ambos sexos;05 Canarias;25 y más años;2023;53,34
Ambos sexos;05 Canarias;25 y más años;2022;52,50
Ambos sexos;05 Canarias;25 y más años;2021;48,37
Ambos sexos;05 Canarias;De 16 a 19 años;2023;10,51
Ambos sexos;05 Canarias;De 16 a 19 años;2022;4,80
Ambos sexos;05 Canarias;De 16 a 19 años;2021;2,24
Ambos sexos;05 Canarias;De 20 a 24 años;2023;35,30
Ambos sexos;05 Canarias;De 20 a 24 años;2022;28,10
Ambos sexos;05 Canarias;De 20 a 24 años;2021;22,31
Ambos sexos;05 Canarias;De 25 a 54 años;2023;73,27
Ambos sexos;05 Canarias;De 25 a 54 años;2022;71,74
Ambos sexos;05 Canarias;De 25 a 54 años;2021;65,57
Ambos sexos;05 Canarias;55 y más años;2023;26,07
Ambos sexos;05 Canarias;55 y más años;2022;25,37
Ambos sexos;05 Canarias;55 y más años;2021;23,14
Ambos sexos;06 Cantabria;Total;2023;50,56
Ambos sexos;06 Cantabria;Total;2022;49,61
Ambos sexos;06 Cantabria;Total;2021;49,12
Ambos sexos;06 Cantabria;Menores de 25 años;2023;23,49
Ambos sexos;06 Cantabria;Menores de 25 años;2022;19,85
Ambos sexos;06 Cantabria;Menores de 25 años;2021;18,72
Ambos sexos;06 Cantabria;25 y más años;2023;53,52
Ambos sexos;06 Cantabria;25 y más años;2022;52,85
Ambos sexos;06 Cantabria;25 y más años;2021;52,28
Ambos sexos;06 Cantabria;De 16 a 19 años;2023;5,03
Ambos sexos;06 Cantabria;De 16 a 19 años;2022;3,36
Ambos sexos;06 Cantabria;De 16 a 19 años;2021;3,93
Ambos sexos;06 Cantabria;De 20 a 24 años;2023;38,41
Ambos sexos;06 Cantabria;De 20 a 24 años;2022;34,20
Ambos sexos;06 Cantabria;De 20 a 24 años;2021;31,15
Ambos sexos;06 Cantabria;De 25 a 54 años;2023;80,87
Ambos sexos;06 Cantabria;De 25 a 54 años;2022;78,95
Ambos sexos;06 Cantabria;De 25 a 54 años;2021;77,62
Ambos sexos;06 Cantabria;55 y más años;2023;25,47
Ambos sexos;06 Cantabria;55 y más años;2022;25,41
Ambos sexos;06 Cantabria;55 y más años;2021;24,86
Ambos sexos;07 Castilla y León;Total;2023;49,45
Ambos sexos;07 Castilla y León;Total;2022;49,63
Ambos sexos;07 Castilla y León;Total;2021;48,04
Ambos sexos;07 Castilla y León;Menores de 25 años;2023;22,56
Ambos sexos;07 Castilla y León;Menores de 25 años;2022;23,87
Ambos sexos;07 Castilla y León;Menores de 25 años;2021;21,61
Ambos sexos;07 Castilla y León;25 y más años;2023;52,26
Ambos sexos;07 Castilla y León;25 y más años;2022;52,29
Ambos sexos;07 Castilla y León;25 y más años;2021;50,74
Ambos sexos;07 Castilla y León;De 16 a 19 años;2023;6,88
Ambos sexos;07 Castilla y León;De 16 a 19 años;2022;6,87
Ambos sexos;07 Castilla y León;De 16 a 19 años;2021;4,41
Ambos sexos;07 Castilla y León;De 20 a 24 años;2023;35,09
Ambos sexos;07 Castilla y León;De 20 a 24 años;2022;37,59
Ambos sexos;07 Castilla y León;De 20 a 24 años;2021;35,55
Ambos sexos;07 Castilla y León;De 25 a 54 años;2023;80,94
Ambos sexos;07 Castilla y León;De 25 a 54 años;2022;80,55
Ambos sexos;07 Castilla y León;De 25 a 54 años;2021;78,02
Ambos sexos;07 Castilla y León;55 y más años;2023;26,36
Ambos sexos;07 Castilla y León;55 y más años;2022;26,22
Ambos sexos;07 Castilla y León;55 y más años;2021;24,86
Ambos sexos;08 Castilla - La Mancha;Total;2023;51,37
Ambos sexos;08 Castilla - La Mancha;Total;2022;50,74
Ambos sexos;08 Castilla - La Mancha;Total;2021;49,91
Ambos sexos;08 Castilla - La Mancha;Menores de 25 años;2023;26,03
Ambos sexos;08 Castilla - La Mancha;Menores de 25 años;2022;24,40
Ambos sexos;08 Castilla - La Mancha;Menores de 25 años;2021;22,91
Ambos sexos;08 Castilla - La Mancha;25 y más años;2023;54,69
Ambos sexos;08 Castilla - La Mancha;25 y más años;2022;54,19
Ambos sexos;08 Castilla - La Mancha;25 y más años;2021;53,37
Ambos sexos;08 Castilla - La Mancha;De 16 a 19 años;2023;7,13
Ambos sexos;08 Castilla - La Mancha;De 16 a 19 años;2022;7,28
Ambos sexos;08 Castilla - La Mancha;De 16 a 19 años;2021;7,87
Ambos sexos;08 Castilla - La Mancha;De 20 a 24 años;2023;40,87
Ambos sexos;08 Castilla - La Mancha;De 20 a 24 años;2022;38,17
Ambos sexos;08 Castilla - La Mancha;De 20 a 24 años;2021;34,58
Ambos sexos;08 Castilla - La Mancha;De 25 a 54 años;2023;76,92
Ambos sexos;08 Castilla - La Mancha;De 25 a 54 años;2022;76,19
Ambos sexos;08 Castilla - La Mancha;De 25 a 54 años;2021;75,01
Ambos sexos;08 Castilla - La Mancha;55 y más años;2023;27,13
Ambos sexos;08 Castilla - La Mancha;55 y más años;2022;26,26
Ambos sexos;08 Castilla - La Mancha;55 y más años;2021;25,07
Ambos sexos;09 Cataluña;Total;2023;55,97
Ambos sexos;09 Cataluña;Total;2022;55,01
Ambos sexos;09 Cataluña;Total;2021;54,19
Ambos sexos;09 Cataluña;Menores de 25 años;2023;35,56
Ambos sexos;09 Cataluña;Menores de 25 años;2022;34,44
Ambos sexos;09 Cataluña;Menores de 25 años;2021;30,25
Ambos sexos;09 Cataluña;25 y más años;2023;58,77
Ambos sexos;09 Cataluña;25 y más años;2022;57,74
Ambos sexos;09 Cataluña;25 y más años;2021;57,28
Ambos sexos;09 Cataluña;De 16 a 19 años;2023;14,87
Ambos sexos;09 Cataluña;De 16 a 19 años;2022;13,48
Ambos sexos;09 Cataluña;De 16 a 19 años;2021;10,31
Ambos sexos;09 Cataluña;De 20 a 24 años;2023;52,56
Ambos sexos;09 Cataluña;De 20 a 24 años;2022;51,80
Ambos sexos;09 Cataluña;De 20 a 24 años;2021;46,55
Ambos sexos;09 Cataluña;De 25 a 54 años;2023;82,12
Ambos sexos;09 Cataluña;De 25 a 54 años;2022;81,51
Ambos sexos;09 Cataluña;De 25 a 54 años;2021;80,43
Ambos sexos;09 Cataluña;55 y más años;2023;28,79
Ambos sexos;09 Cataluña;55 y más años;2022;26,92
Ambos sexos;09 Cataluña;55 y más años;2021;26,49
Ambos sexos;10 Comunitat Valenciana;Total;2023;51,70
Ambos sexos;10 Comunitat Valenciana;Total;2022;50,94
Ambos sexos;10 Comunitat Valenciana;Total;2021;48,58
Ambos sexos;10 Comunitat Valenciana;Menores de 25 años;2023;27,79
Ambos sexos;10 Comunitat Valenciana;Menores de 25 años;2022;26,97
Ambos sexos;10 Comunitat Valenciana;Menores de 25 años;2021;22,85
Ambos sexos;10 Comunitat Valenciana;25 y más años;2023;54,80
Ambos sexos;10 Comunitat Valenciana;25 y más años;2022;53,93
Ambos sexos;10 Comunitat Valenciana;25 y más años;2021;51,76
Ambos sexos;10 Comunitat Valenciana;De 16 a 19 años;2023;7,36
Ambos sexos;10 Comunitat Valenciana;De 16 a 19 años;2022;8,38
Ambos sexos;10 Comunitat Valenciana;De 16 a 19 años;2021;7,41
Ambos sexos;10 Comunitat Valenciana;De 20 a 24 años;2023;44,91
Ambos sexos;10 Comunitat Valenciana;De 20 a 24 años;2022;42,20
Ambos sexos;10 Comunitat Valenciana;De 20 a 24 años;2021;35,82
Ambos sexos;10 Comunitat Valenciana;De 25 a 54 años;2023;78,08
Ambos sexos;10 Comunitat Valenciana;De 25 a 54 años;2022;76,65
Ambos sexos;10 Comunitat Valenciana;De 25 a 54 años;2021;73,78
Ambos sexos;10 Comunitat Valenciana;55 y más años;2023;26,82
Ambos sexos;10 Comunitat Valenciana;55 y más años;2022;26,30
Ambos sexos;10 Comunitat Valenciana;55 y más años;2021;24,30
Ambos sexos;11 Extremadura;Total;2023;46,48
Ambos sexos;11 Extremadura;Total;2022;45,98
Ambos sexos;11 Extremadura;Total;2021;44,41
Ambos sexos;11 Extremadura;Menores de 25 años;2023;19,24
Ambos sexos;11 Extremadura;Menores de 25 años;2022;19,05
Ambos sexos;11 Extremadura;Menores de 25 años;2021;16,82
Ambos sexos;11 Extremadura;25 y más años;2023;49,79
Ambos sexos;11 Extremadura;25 y más años;2022;49,28
Ambos sexos;11 Extremadura;25 y más años;2021;47,80
Ambos sexos;11 Extremadura;De 16 a 19 años;2023;4,38
Ambos sexos;11 Extremadura;De 16 a 19 años;2022;4,97
Ambos sexos;11 Extremadura;De 16 a 19 años;2021;5,71
Ambos sexos;11 Extremadura;De 20 a 24 años;2023;30,72
Ambos sexos;11 Extremadura;De 20 a 24 años;2022;30,24
Ambos sexos;11 Extremadura;De 20 a 24 años;2021;25,57
Ambos sexos;11 Extremadura;De 25 a 54 años;2023;74,06
Ambos sexos;11 Extremadura;De 25 a 54 años;2022;73,36
Ambos sexos;11 Extremadura;De 25 a 54 años;2021;71,31
Ambos sexos;11 Extremadura;55 y más años;2023;23,92
Ambos sexos;11 Extremadura;55 y más años;2022;22,81
Ambos sexos;11 Extremadura;55 y más años;2021;21,13
Ambos sexos;12 Galicia;Total;2023;48,03
Ambos sexos;12 Galicia;Total;2022;47,12
Ambos sexos;12 Galicia;Total;2021;46,35
Ambos sexos;12 Galicia;Menores de 25 años;2023;22,15
Ambos sexos;12 Galicia;Menores de 25 años;2022;18,82
Ambos sexos;12 Galicia;Menores de 25 años;2021;16,80
Ambos sexos;12 Galicia;25 y más años;2023;50,57
Ambos sexos;12 Galicia;25 y más años;2022;49,84
Ambos sexos;12 Galicia;25 y más años;2021;49,16
Ambos sexos;12 Galicia;De 16 a 19 años;2023;5,04
Ambos sexos;12 Galicia;De 16 a 19 años;2022;5,10
Ambos sexos;12 Galicia;De 16 a 19 años;2021;3,71
Ambos sexos;12 Galicia;De 20 a 24 años;2023;36,33
Ambos sexos;12 Galicia;De 20 a 24 años;2022;30,19
Ambos sexos;12 Galicia;De 20 a 24 años;2021;27,69
Ambos sexos;12 Galicia;De 25 a 54 años;2023;78,96
Ambos sexos;12 Galicia;De 25 a 54 años;2022;78,05
Ambos sexos;12 Galicia;De 25 a 54 años;2021;76,28
Ambos sexos;12 Galicia;55 y más años;2023;23,41
Ambos sexos;12 Galicia;55 y más años;2022;22,23
Ambos sexos;12 Galicia;55 y más años;2021;21,98
Ambos sexos;13 Madrid, Comunidad de;Total;2023;56,94
Ambos sexos;13 Madrid, Comunidad de;Total;2022;56,33
Ambos sexos;13 Madrid, Comunidad de;Total;2021;56,06
Ambos sexos;13 Madrid, Comunidad de;Menores de 25 años;2023;27,40
Ambos sexos;13 Madrid, Comunidad de;Menores de 25 años;2022;27,42
Ambos sexos;13 Madrid, Comunidad de;Menores de 25 años;2021;26,88
Ambos sexos;13 Madrid, Comunidad de;25 y más años;2023;60,78
Ambos sexos;13 Madrid, Comunidad de;25 y más años;2022;60,05
Ambos sexos;13 Madrid, Comunidad de;25 y más años;2021;59,70
Ambos sexos;13 Madrid, Comunidad de;De 16 a 19 años;2023;6,45
Ambos sexos;13 Madrid, Comunidad de;De 16 a 19 años;2022;6,78
Ambos sexos;13 Madrid, Comunidad de;De 16 a 19 años;2021;6,80
Ambos sexos;13 Madrid, Comunidad de;De 20 a 24 años;2023;43,13
Ambos sexos;13 Madrid, Comunidad de;De 20 a 24 años;2022;44,12
Ambos sexos;13 Madrid, Comunidad de;De 20 a 24 años;2021;43,01
Ambos sexos;13 Madrid, Comunidad de;De 25 a 54 años;2023;82,75
Ambos sexos;13 Madrid, Comunidad de;De 25 a 54 años;2022;81,44
Ambos sexos;13 Madrid, Comunidad de;De 25 a 54 años;2021;81,26
Ambos sexos;13 Madrid, Comunidad de;55 y más años;2023;30,53
Ambos sexos;13 Madrid, Comunidad de;55 y más años;2022;30,24
Ambos sexos;13 Madrid, Comunidad de;55 y más años;2021;28,96
Ambos sexos;14 Murcia, Región de;Total;2023;52,13
Ambos sexos;14 Murcia, Región de;Total;2022;51,78
Ambos sexos;14 Murcia, Región de;Total;2021;51,72
Ambos sexos;14 Murcia, Región de;Menores de 25 años;2023;25,54
Ambos sexos;14 Murcia, Región de;Menores de 25 años;2022;25,43
Ambos sexos;14 Murcia, Región de;Menores de 25 años;2021;24,76
Ambos sexos;14 Murcia, Región de;25 y más años;2023;56,16
Ambos sexos;14 Murcia, Región de;25 y más años;2022;55,69
Ambos sexos;14 Murcia, Región de;25 y más años;2021;55,63
Ambos sexos;14 Murcia, Región de;De 16 a 19 años;2023;7,76
Ambos sexos;14 Murcia, Región de;De 16 a 19 años;2022;8,48
Ambos sexos;14 Murcia, Región de;De 16 a 19 años;2021;6,79
Ambos sexos;14 Murcia, Región de;De 20 a 24 años;2023;40,42
Ambos sexos;14 Murcia, Región de;De 20 a 24 años;2022;39,47
Ambos sexos;14 Murcia, Región de;De 20 a 24 años;2021;39,51
Ambos sexos;14 Murcia, Región de;De 25 a 54 años;2023;75,46
Ambos sexos;14 Murcia, Región de;De 25 a 54 años;2022;74,49
Ambos sexos;14 Murcia, Región de;De 25 a 54 años;2021;73,85
Ambos sexos;14 Murcia, Región de;55 y más años;2023;28,66
Ambos sexos;14 Murcia, Región de;55 y más años;2022;28,22
Ambos sexos;14 Murcia, Región de;55 y más años;2021;28,24
Ambos sexos;15 Navarra, Comunidad Foral de;Total;2023;53,22
Ambos sexos;15 Navarra, Comunidad Foral de;Total;2022;53,33
Ambos sexos;15 Navarra, Comunidad Foral de;Total;2021;52,37
Ambos sexos;15 Navarra, Comunidad Foral de;Menores de 25 años;2023;25,29
Ambos sexos;15 Navarra, Comunidad Foral de;Menores de 25 años;2022;26,77
Ambos sexos;15 Navarra, Comunidad Foral de;Menores de 25 años;2021;26,53
Ambos sexos;15 Navarra, Comunidad Foral de;25 y más años;2023;57,04
Ambos sexos;15 Navarra, Comunidad Foral de;25 y más años;2022;56,94
Ambos sexos;15 Navarra, Comunidad Foral de;25 y más años;2021;55,75
Ambos sexos;15 Navarra, Comunidad Foral de;De 16 a 19 años;2023;7,80
Ambos sexos;15 Navarra, Comunidad Foral de;De 16 a 19 años;2022;5,78
Ambos sexos;15 Navarra, Comunidad Foral de;De 16 a 19 años;2021;4,84
Ambos sexos;15 Navarra, Comunidad Foral de;De 20 a 24 años;2023;39,09
Ambos sexos;15 Navarra, Comunidad Foral de;De 20 a 24 años;2022;44,01
Ambos sexos;15 Navarra, Comunidad Foral de;De 20 a 24 años;2021;43,59
Ambos sexos;15 Navarra, Comunidad Foral de;De 25 a 54 años;2023;81,39
Ambos sexos;15 Navarra, Comunidad Foral de;De 25 a 54 años;2022;80,91
Ambos sexos;15 Navarra, Comunidad Foral de;De 25 a 54 años;2021;79,31
Ambos sexos;15 Navarra, Comunidad Foral de;55 y más años;2023;28,35
Ambos sexos;15 Navarra, Comunidad Foral de;55 y más años;2022;28,16
Ambos sexos;15 Navarra, Comunidad Foral de;55 y más años;2021;26,74
Ambos sexos;16 País Vasco;Total;2023;52,48
Ambos sexos;16 País Vasco;Total;2022;51,63
Ambos sexos;16 País Vasco;Total;2021;50,52
Ambos sexos;16 País Vasco;Menores de 25 años;2023;25,31
Ambos sexos;16 País Vasco;Menores de 25 años;2022;25,30
Ambos sexos;16 País Vasco;Menores de 25 años;2021;22,84
Ambos sexos;16 País Vasco;25 y más años;2023;55,71
Ambos sexos;16 País Vasco;25 y más años;2022;54,61
Ambos sexos;16 País Vasco;25 y más años;2021;53,64
Ambos sexos;16 País Vasco;De 16 a 19 años;2023;6,43
Ambos sexos;16 País Vasco;De 16 a 19 años;2022;7,56
Ambos sexos;16 País Vasco;De 16 a 19 años;2021;5,75
Ambos sexos;16 País Vasco;De 20 a 24 años;2023;40,86
Ambos sexos;16 País Vasco;De 20 a 24 años;2022;39,70
Ambos sexos;16 País Vasco;De 20 a 24 años;2021;37,45
Ambos sexos;16 País Vasco;De 25 a 54 años;2023;84,40
Ambos sexos;16 País Vasco;De 25 a 54 años;2022;82,54
Ambos sexos;16 País Vasco;De 25 a 54 años;2021;80,83
Ambos sexos;16 País Vasco;55 y más años;2023;27,17
Ambos sexos;16 País Vasco;55 y más años;2022;26,32
Ambos sexos;16 País Vasco;55 y más años;2021;25,37
Ambos sexos;17 Rioja, La;Total;2023;53,88
Ambos sexos;17 Rioja, La;Total;2022;54,15
Ambos sexos;17 Rioja, La;Total;2021;53,04
Ambos sexos;17 Rioja, La;Menores de 25 años;2023;24,55
Ambos sexos;17 Rioja, La;Menores de 25 años;2022;25,23
Ambos sexos;17 Rioja, La;Menores de 25 años;2021;24,94
Ambos sexos;17 Rioja, La;25 y más años;2023;57,58
Ambos sexos;17 Rioja, La;25 y más años;2022;57,62
Ambos sexos;17 Rioja, La;25 y más años;2021;56,37
Ambos sexos;17 Rioja, La;De 16 a 19 años;2023;9,97
Ambos sexos;17 Rioja, La;De 16 a 19 años;2022;8,10
Ambos sexos;17 Rioja, La;De 16 a 19 años;2021;6,41
Ambos sexos;17 Rioja, La;De 20 a 24 años;2023;37,21
Ambos sexos;17 Rioja, La;De 20 a 24 años;2022;39,30
Ambos sexos;17 Rioja, La;De 20 a 24 años;2021;40,30
Ambos sexos;17 Rioja, La;De 25 a 54 años;2023;82,85
Ambos sexos;17 Rioja, La;De 25 a 54 años;2022;83,32
Ambos sexos;17 Rioja, La;De 25 a 54 años;2021;81,83
Ambos sexos;17 Rioja, La;55 y más años;2023;29,64
Ambos sexos;17 Rioja, La;55 y más años;2022;28,65
Ambos sexos;17 Rioja, La;55 y más años;2021;26,95
Ambos sexos;18 Ceuta;Total;2023;44,84
Ambos sexos;18 Ceuta;Total;2022;44,41
Ambos sexos;18 Ceuta;Total;2021;40,98
Ambos sexos;18 Ceuta;Menores de 25 años;2023;15,82
Ambos sexos;18 Ceuta;Menores de 25 años;2022;23,06
Ambos sexos;18 Ceuta;Menores de 25 años;2021;12,41
Ambos sexos;18 Ceuta;25 y más años;2023;50,04
Ambos sexos;18 Ceuta;25 y más años;2022;48,46
Ambos sexos;18 Ceuta;25 y más años;2021;46,55
Ambos sexos;18 Ceuta;De 16 a 19 años;2023;1,52
Ambos sexos;18 Ceuta;De 16 a 19 años;2022;3,31
Ambos sexos;18 Ceuta;De 16 a 19 años;2021;2,15
Ambos sexos;18 Ceuta;De 20 a 24 años;2023;32,96
Ambos sexos;18 Ceuta;De 20 a 24 años;2022;39,59
Ambos sexos;18 Ceuta;De 20 a 24 años;2021;19,95
Ambos sexos;18 Ceuta;De 25 a 54 años;2023;59,70
Ambos sexos;18 Ceuta;De 25 a 54 años;2022;56,43
Ambos sexos;18 Ceuta;De 25 a 54 años;2021;55,20
Ambos sexos;18 Ceuta;55 y más años;2023;33,81
Ambos sexos;18 Ceuta;55 y más años;2022;36,71
Ambos sexos;18 Ceuta;55 y más años;2021;35,47
Ambos sexos;19 Melilla;Total;2023;43,85
Ambos sexos;19 Melilla;Total;2022;48,27
Ambos sexos;19 Melilla;Total;2021;50,76
Ambos sexos;19 Melilla;Menores de 25 años;2023;21,25
Ambos sexos;19 Melilla;Menores de 25 años;2022;17,48
Ambos sexos;19 Melilla;Menores de 25 años;2021;16,51
Ambos sexos;19 Melilla;25 y más años;2023;48,49
Ambos sexos;19 Melilla;25 y más años;2022;54,15
Ambos sexos;19 Melilla;25 y más años;2021;57,09
Ambos sexos;19 Melilla;De 16 a 19 años;2023;2,37
Ambos sexos;19 Melilla;De 16 a 19 años;2022;..
Ambos sexos;19 Melilla;De 16 a 19 años;2021;1,19
Ambos sexos;19 Melilla;De 20 a 24 años;2023;30,27
Ambos sexos;19 Melilla;De 20 a 24 años;2022;30,00
Ambos sexos;19 Melilla;De 20 a 24 años;2021;30,57
Ambos sexos;19 Melilla;De 25 a 54 años;2023;62,75
Ambos sexos;19 Melilla;De 25 a 54 años;2022;65,95
Ambos sexos;19 Melilla;De 25 a 54 años;2021;67,90
Ambos sexos;19 Melilla;55 y más años;2023;27,53
Ambos sexos;19 Melilla;55 y más años;2022;33,27
Ambos sexos;19 Melilla;55 y más años;2021;33,33
Hombres;Total Nacional;Total;2023;57,05
Hombres;Total Nacional;Total;2022;56,56
Hombres;Total Nacional;Total;2021;55,27
Hombres;Total Nacional;Menores de 25 años;2023;28,06
Hombres;Total Nacional;Menores de 25 años;2022;27,46
Hombres;Total Nacional;Menores de 25 años;2021;24,40
Hombres;Total Nacional;25 y más años;2023;61,01
Hombres;Total Nacional;25 y más años;2022;60,44
Hombres;Total Nacional;25 y más años;2021;59,30
Hombres;Total Nacional;De 16 a 19 años;2023;8,99
Hombres;Total Nacional;De 16 a 19 años;2022;8,53
Hombres;Total Nacional;De 16 a 19 años;2021;7,17
Hombres;Total Nacional;De 20 a 24 años;2023;43,54
Hombres;Total Nacional;De 20 a 24 años;2022;42,98
Hombres;Total Nacional;De 20 a 24 años;2021;38,49
Hombres;Total Nacional;De 25 a 54 años;2023;83,37
Hombres;Total Nacional;De 25 a 54 años;2022;82,55
Hombres;Total Nacional;De 25 a 54 años;2021;80,69
Hombres;Total Nacional;55 y más años;2023;31,67
Hombres;Total Nacional;55 y más años;2022;30,88
Hombres;Total Nacional;55 y más años;2021;29,85
Hombres;01 Andalucía;Total;2023;52,97
Hombres;01 Andalucía;Total;2022;52,52
Hombres;01 Andalucía;Total;2021;51,71
Hombres;01 Andalucía;Menores de 25 años;2023;21,85
Hombres;01 Andalucía;Menores de 25 años;2022;23,24
Hombres;01 Andalucía;Menores de 25 años;2021;20,80
Hombres;01 Andalucía;25 y más años;2023;57,47
Hombres;01 Andalucía;25 y más años;2022;56,72
Hombres;01 Andalucía;25 y más años;2021;56,03
Hombres;01 Andalucía;De 16 a 19 años;2023;6,85
Hombres;01 Andalucía;De 16 a 19 años;2022;6,80
Hombres;01 Andalucía;De 16 a 19 años;2021;5,85
Hombres;01 Andalucía;De 20 a 24 años;2023;34,28
Hombres;01 Andalucía;De 20 a 24 años;2022;37,01
Hombres;01 Andalucía;De 20 a 24 años;2021;32,93
Hombres;01 Andalucía;De 25 a 54 años;2023;78,34
Hombres;01 Andalucía;De 25 a 54 años;2022;76,63
Hombres;01 Andalucía;De 25 a 54 años;2021;75,10
Hombres;01 Andalucía;55 y más años;2023;28,74
Hombres;01 Andalucía;55 y más años;2022;28,53
Hombres;01 Andalucía;55 y más años;2021;28,11
Hombres;02 Aragón;Total;2023;59,14
Hombres;02 Aragón;Total;2022;58,75
Hombres;02 Aragón;Total;2021;57,99
Hombres;02 Aragón;Menores de 25 años;2023;32,61
Hombres;02 Aragón;Menores de 25 años;2022;33,45
Hombres;02 Aragón;Menores de 25 años;2021;32,02
Hombres;02 Aragón;25 y más años;2023;62,58
Hombres;02 Aragón;25 y más años;2022;61,99
Hombres;02 Aragón;25 y más años;2021;61,20
Hombres;02 Aragón;De 16 a 19 años;2023;9,04
Hombres;02 Aragón;De 16 a 19 años;2022;16,23
Hombres;02 Aragón;De 16 a 19 años;2021;12,71
Hombres;02 Aragón;De 20 a 24 años;2023;51,87
Hombres;02 Aragón;De 20 a 24 años;2022;48,09
Hombres;02 Aragón;De 20 a 24 años;2021;48,08
Hombres;02 Aragón;De 25 a 54 años;2023;88,38
Hombres;02 Aragón;De 25 a 54 años;2022;88,16
Hombres;02 Aragón;De 25 a 54 años;2021;86,55
Hombres;02 Aragón;55 y más años;2023;32,15
Hombres;02 Aragón;55 y más años;2022;30,72
Hombres;02 Aragón;55 y más años;2021;29,86
Hombres;03 Asturias, Principado de;Total;2023;47,96
Hombres;03 Asturias, Principado de;Total;2022;48,27
Hombres;03 Asturias, Principado de;Total;2021;49,05
Hombres;03 Asturias, Principado de;Menores de 25 años;2023;20,49
Hombres;03 Asturias, Principado de;Menores de 25 años;2022;17,02
Hombres;03 Asturias, Principado de;Menores de 25 años;2021;21,39
Hombres;03 Asturias, Principado de;25 y más años;2023;50,77
Hombres;03 Asturias, Principado de;25 y más años;2022;51,29
Hombres;03 Asturias, Principado de;25 y más años;2021;51,59
Hombres;03 Asturias, Principado de;De 16 a 19 años;2023;2,33
Hombres;03 Asturias, Principado de;De 16 a 19 años;2022;1,10
Hombres;03 Asturias, Principado de;De 16 a 19 años;2021;4,21
Hombres;03 Asturias, Principado de;De 20 a 24 años;2023;36,41
Hombres;03 Asturias, Principado de;De 20 a 24 años;2022;29,98
Hombres;03 Asturias, Principado de;De 20 a 24 años;2021;34,44
Hombres;03 Asturias, Principado de;De 25 a 54 años;2023;78,12
Hombres;03 Asturias, Principado de;De 25 a 54 años;2022;78,74
Hombres;03 Asturias, Principado de;De 25 a 54 años;2021;78,94
Hombres;03 Asturias, Principado de;55 y más años;2023;24,00
Hombres;03 Asturias, Principado de;55 y más años;2022;23,86
Hombres;03 Asturias, Principado de;55 y más años;2021;23,39
Hombres;04 Balears, Illes;Total;2023;61,10
Hombres;04 Balears, Illes;Total;2022;62,14
Hombres;04 Balears, Illes;Total;2021;58,28
Hombres;04 Balears, Illes;Menores de 25 años;2023;33,17
Hombres;04 Balears, Illes;Menores de 25 años;2022;33,00
Hombres;04 Balears, Illes;Menores de 25 años;2021;25,58
Hombres;04 Balears, Illes;25 y más años;2023;64,88
Hombres;04 Balears, Illes;25 y más años;2022;65,86
Hombres;04 Balears, Illes;25 y más años;2021;62,45
Hombres;04 Balears, Illes;De 16 a 19 años;2023;15,72
Hombres;04 Balears, Illes;De 16 a 19 años;2022;10,94
Hombres;04 Balears, Illes;De 16 a 19 años;2021;10,54
Hombres;04 Balears, Illes;De 20 a 24 años;2023;47,48
Hombres;04 Balears, Illes;De 20 a 24 años;2022;50,17
Hombres;04 Balears, Illes;De 20 a 24 años;2021;37,81
Hombres;04 Balears, Illes;De 25 a 54 años;2023;82,35
Hombres;04 Balears, Illes;De 25 a 54 años;2022;82,90
Hombres;04 Balears, Illes;De 25 a 54 años;2021;78,16
Hombres;04 Balears, Illes;55 y más años;2023;35,89
Hombres;04 Balears, Illes;55 y más años;2022;37,30
Hombres;04 Balears, Illes;55 y más años;2021;35,32
Hombres;05 Canarias;Total;2023;55,34
Hombres;05 Canarias;Total;2022;53,22
Hombres;05 Canarias;Total;2021;47,72
Hombres;05 Canarias;Menores de 25 años;2023;26,48
Hombres;05 Canarias;Menores de 25 años;2022;19,64
Hombres;05 Canarias;Menores de 25 años;2021;13,15
Hombres;05 Canarias;25 y más años;2023;59,08
Hombres;05 Canarias;25 y más años;2022;57,46
Hombres;05 Canarias;25 y más años;2021;52,16
Hombres;05 Canarias;De 16 a 19 años;2023;11,10
Hombres;05 Canarias;De 16 a 19 años;2022;5,73
Hombres;05 Canarias;De 16 a 19 años;2021;3,91
Hombres;05 Canarias;De 20 a 24 años;2023;38,02
Hombres;05 Canarias;De 20 a 24 años;2022;29,96
Hombres;05 Canarias;De 20 a 24 años;2021;20,55
Hombres;05 Canarias;De 25 a 54 años;2023;78,30
Hombres;05 Canarias;De 25 a 54 años;2022;76,13
Hombres;05 Canarias;De 25 a 54 años;2021;69,47
Hombres;05 Canarias;55 y más años;2023;31,49
Hombres;05 Canarias;55 y más años;2022;29,78
Hombres;05 Canarias;55 y más años;2021;25,37
Hombres;06 Cantabria;Total;2023;55,75
Hombres;06 Cantabria;Total;2022;55,56
Hombres;06 Cantabria;Total;2021;54,57
Hombres;06 Cantabria;Menores de 25 años;2023;22,49
Hombres;06 Cantabria;Menores de 25 años;2022;21,67
Hombres;06 Cantabria;Menores de 25 años;2021;18,30
Hombres;06 Cantabria;25 y más años;2023;59,68
Hombres;06 Cantabria;25 y más años;2022;59,47
Hombres;06 Cantabria;25 y más años;2021;58,70
Hombres;06 Cantabria;De 16 a 19 años;2023;7,41
Hombres;06 Cantabria;De 16 a 19 años;2022;4,24
Hombres;06 Cantabria;De 16 a 19 años;2021;3,67
Hombres;06 Cantabria;De 20 a 24 años;2023;34,91
Hombres;06 Cantabria;De 20 a 24 años;2022;36,52
Hombres;06 Cantabria;De 20 a 24 años;2021;31,09
Hombres;06 Cantabria;De 25 a 54 años;2023;85,42
Hombres;06 Cantabria;De 25 a 54 años;2022;84,89
Hombres;06 Cantabria;De 25 a 54 años;2021;82,57
Hombres;06 Cantabria;55 y más años;2023;30,88
Hombres;06 Cantabria;55 y más años;2022;30,21
Hombres;06 Cantabria;55 y más años;2021;30,38
Hombres;07 Castilla y León;Total;2023;54,95
Hombres;07 Castilla y León;Total;2022;54,46
Hombres;07 Castilla y León;Total;2021;53,90
Hombres;07 Castilla y León;Menores de 25 años;2023;25,03
Hombres;07 Castilla y León;Menores de 25 años;2022;25,76
Hombres;07 Castilla y León;Menores de 25 años;2021;23,73
Hombres;07 Castilla y León;25 y más años;2023;58,21
Hombres;07 Castilla y León;25 y más años;2022;57,56
Hombres;07 Castilla y León;25 y más años;2021;57,14
Hombres;07 Castilla y León;De 16 a 19 años;2023;7,69
Hombres;07 Castilla y León;De 16 a 19 años;2022;7,93
Hombres;07 Castilla y León;De 16 a 19 años;2021;5,75
Hombres;07 Castilla y León;De 20 a 24 años;2023;38,73
Hombres;07 Castilla y León;De 20 a 24 años;2022;40,18
Hombres;07 Castilla y León;De 20 a 24 años;2021;38,56
Hombres;07 Castilla y León;De 25 a 54 años;2023;87,10
Hombres;07 Castilla y León;De 25 a 54 años;2022;84,95
Hombres;07 Castilla y León;De 25 a 54 años;2021;83,40
Hombres;07 Castilla y León;55 y más años;2023;30,30
Hombres;07 Castilla y León;55 y más años;2022;30,51
Hombres;07 Castilla y León;55 y más años;2021;30,47
Hombres;08 Castilla - La Mancha;Total;2023;58,81
Hombres;08 Castilla - La Mancha;Total;2022;59,11
Hombres;08 Castilla - La Mancha;Total;2021;58,27
Hombres;08 Castilla - La Mancha;Menores de 25 años;2023;29,05
Hombres;08 Castilla - La Mancha;Menores de 25 años;2022;30,27
Hombres;08 Castilla - La Mancha;Menores de 25 años;2021;27,61
Hombres;08 Castilla - La Mancha;25 y más años;2023;62,83
Hombres;08 Castilla - La Mancha;25 y más años;2022;63,03
Hombres;08 Castilla - La Mancha;25 y más años;2021;62,37
Hombres;08 Castilla - La Mancha;De 16 a 19 años;2023;8,75
Hombres;08 Castilla - La Mancha;De 16 a 19 años;2022;8,90
Hombres;08 Castilla - La Mancha;De 16 a 19 años;2021;9,36
Hombres;08 Castilla - La Mancha;De 20 a 24 años;2023;44,47
Hombres;08 Castilla - La Mancha;De 20 a 24 años;2022;47,20
Hombres;08 Castilla - La Mancha;De 20 a 24 años;2021;41,90
Hombres;08 Castilla - La Mancha;De 25 a 54 años;2023;84,85
Hombres;08 Castilla - La Mancha;De 25 a 54 años;2022;84,71
Hombres;08 Castilla - La Mancha;De 25 a 54 años;2021;84,00
Hombres;08 Castilla - La Mancha;55 y más años;2023;33,52
Hombres;08 Castilla - La Mancha;55 y más años;2022;33,45
Hombres;08 Castilla - La Mancha;55 y más años;2021;31,95
Hombres;09 Cataluña;Total;2023;60,15
Hombres;09 Cataluña;Total;2022;59,43
Hombres;09 Cataluña;Total;2021;58,72
Hombres;09 Cataluña;Menores de 25 años;2023;36,64
Hombres;09 Cataluña;Menores de 25 años;2022;35,66
Hombres;09 Cataluña;Menores de 25 años;2021;30,48
Hombres;09 Cataluña;25 y más años;2023;63,63
Hombres;09 Cataluña;25 y más años;2022;62,84
Hombres;09 Cataluña;25 y más años;2021;62,65
Hombres;09 Cataluña;De 16 a 19 años;2023;15,63
Hombres;09 Cataluña;De 16 a 19 años;2022;13,60
Hombres;09 Cataluña;De 16 a 19 años;2021;9,64
Hombres;09 Cataluña;De 20 a 24 años;2023;53,72
Hombres;09 Cataluña;De 20 a 24 años;2022;53,91
Hombres;09 Cataluña;De 20 a 24 años;2021;47,54
Hombres;09 Cataluña;De 25 a 54 años;2023;85,42
Hombres;09 Cataluña;De 25 a 54 años;2022;85,31
Hombres;09 Cataluña;De 25 a 54 años;2021;84,22
Hombres;09 Cataluña;55 y más años;2023;33,25
Hombres;09 Cataluña;55 y más años;2022;31,16
Hombres;09 Cataluña;55 y más años;2021;31,39
Hombres;10 Comunitat Valenciana;Total;2023;57,39
Hombres;10 Comunitat Valenciana;Total;2022;56,81
Hombres;10 Comunitat Valenciana;Total;2021;54,27
Hombres;10 Comunitat Valenciana;Menores de 25 años;2023;30,14
Hombres;10 Comunitat Valenciana;Menores de 25 años;2022;27,96
Hombres;10 Comunitat Valenciana;Menores de 25 años;2021;24,06
Hombres;10 Comunitat Valenciana;25 y más años;2023;61,12
Hombres;10 Comunitat Valenciana;25 y más años;2022;60,64
Hombres;10 Comunitat Valenciana;25 y más años;2021;58,24
Hombres;10 Comunitat Valenciana;De 16 a 19 años;2023;8,37
Hombres;10 Comunitat Valenciana;De 16 a 19 años;2022;8,88
Hombres;10 Comunitat Valenciana;De 16 a 19 años;2021;8,63
Hombres;10 Comunitat Valenciana;De 20 a 24 años;2023;48,17
Hombres;10 Comunitat Valenciana;De 20 a 24 años;2022;43,70
Hombres;10 Comunitat Valenciana;De 20 a 24 años;2021;37,12
Hombres;10 Comunitat Valenciana;De 25 a 54 años;2023;83,43
Hombres;10 Comunitat Valenciana;De 25 a 54 años;2022;83,21
Hombres;10 Comunitat Valenciana;De 25 a 54 años;2021;79,76
Hombres;10 Comunitat Valenciana;55 y más años;2023;32,11
Hombres;10 Comunitat Valenciana;55 y más años;2022;30,89
Hombres;10 Comunitat Valenciana;55 y más años;2021;29,09
Hombres;11 Extremadura;Total;2023;53,28
Hombres;11 Extremadura;Total;2022;52,96
Hombres;11 Extremadura;Total;2021;52,02
Hombres;11 Extremadura;Menores de 25 años;2023;23,39
Hombres;11 Extremadura;Menores de 25 años;2022;22,19
Hombres;11 Extremadura;Menores de 25 años;2021;19,92
Hombres;11 Extremadura;25 y más años;2023;57,09
Hombres;11 Extremadura;25 y más años;2022;56,82
Hombres;11 Extremadura;25 y más años;2021;56,15
Hombres;11 Extremadura;De 16 a 19 años;2023;5,32
Hombres;11 Extremadura;De 16 a 19 años;2022;7,23
Hombres;11 Extremadura;De 16 a 19 años;2021;8,53
Hombres;11 Extremadura;De 20 a 24 años;2023;37,33
Hombres;11 Extremadura;De 20 a 24 años;2022;33,38
Hombres;11 Extremadura;De 20 a 24 años;2021;29,00
Hombres;11 Extremadura;De 25 a 54 años;2023;80,84
Hombres;11 Extremadura;De 25 a 54 años;2022;80,81
Hombres;11 Extremadura;De 25 a 54 años;2021;80,19
Hombres;11 Extremadura;55 y más años;2023;30,07
Hombres;11 Extremadura;55 y más años;2022;28,65
Hombres;11 Extremadura;55 y más años;2021;26,98
Hombres;12 Galicia;Total;2023;52,13
Hombres;12 Galicia;Total;2022;51,25
Hombres;12 Galicia;Total;2021;51,01
Hombres;12 Galicia;Menores de 25 años;2023;24,05
Hombres;12 Galicia;Menores de 25 años;2022;21,76
Hombres;12 Galicia;Menores de 25 años;2021;19,75
Hombres;12 Galicia;25 y más años;2023;55,13
Hombres;12 Galicia;25 y más años;2022;54,36
Hombres;12 Galicia;25 y más años;2021;54,23
Hombres;12 Galicia;De 16 a 19 años;2023;6,13
Hombres;12 Galicia;De 16 a 19 años;2022;6,78
Hombres;12 Galicia;De 16 a 19 años;2021;5,26
Hombres;12 Galicia;De 20 a 24 años;2023;39,05
Hombres;12 Galicia;De 20 a 24 años;2022;34,50
Hombres;12 Galicia;De 20 a 24 años;2021;31,97
Hombres;12 Galicia;De 25 a 54 años;2023;82,08
Hombres;12 Galicia;De 25 a 54 años;2022;81,14
Hombres;12 Galicia;De 25 a 54 años;2021;80,52
Hombres;12 Galicia;55 y más años;2023;26,75
Hombres;12 Galicia;55 y más años;2022;25,48
Hombres;12 Galicia;55 y más años;2021;25,19
Hombres;13 Madrid, Comunidad de;Total;2023;61,84
Hombres;13 Madrid, Comunidad de;Total;2022;61,67
Hombres;13 Madrid, Comunidad de;Total;2021;60,42
Hombres;13 Madrid, Comunidad de;Menores de 25 años;2023;27,50
Hombres;13 Madrid, Comunidad de;Menores de 25 años;2022;26,89
Hombres;13 Madrid, Comunidad de;Menores de 25 años;2021;25,26
Hombres;13 Madrid, Comunidad de;25 y más años;2023;66,73
Hombres;13 Madrid, Comunidad de;25 y más años;2022;66,51
Hombres;13 Madrid, Comunidad de;25 y más años;2021;65,14
Hombres;13 Madrid, Comunidad de;De 16 a 19 años;2023;6,38
Hombres;13 Madrid, Comunidad de;De 16 a 19 años;2022;6,03
Hombres;13 Madrid, Comunidad de;De 16 a 19 años;2021;5,90
Hombres;13 Madrid, Comunidad de;De 20 a 24 años;2023;44,14
Hombres;13 Madrid, Comunidad de;De 20 a 24 años;2022;44,00
Hombres;13 Madrid, Comunidad de;De 20 a 24 años;2021;40,98
Hombres;13 Madrid, Comunidad de;De 25 a 54 años;2023;87,19
Hombres;13 Madrid, Comunidad de;De 25 a 54 años;2022;86,40
Hombres;13 Madrid, Comunidad de;De 25 a 54 años;2021;84,94
Hombres;13 Madrid, Comunidad de;55 y más años;2023;35,78
Hombres;13 Madrid, Comunidad de;55 y más años;2022;35,97
Hombres;13 Madrid, Comunidad de;55 y más años;2021;33,98
Hombres;14 Murcia, Región de;Total;2023;58,74
Hombres;14 Murcia, Región de;Total;2022;58,35
Hombres;14 Murcia, Región de;Total;2021;59,66
Hombres;14 Murcia, Región de;Menores de 25 años;2023;29,90
Hombres;14 Murcia, Región de;Menores de 25 años;2022;27,33
Hombres;14 Murcia, Región de;Menores de 25 años;2021;29,25
Hombres;14 Murcia, Región de;25 y más años;2023;63,41
Hombres;14 Murcia, Región de;25 y más años;2022;63,30
Hombres;14 Murcia, Región de;25 y más años;2021;64,25
Hombres;14 Murcia, Región de;De 16 a 19 años;2023;9,63
Hombres;14 Murcia, Región de;De 16 a 19 años;2022;9,50
Hombres;14 Murcia, Región de;De 16 a 19 años;2021;7,19
Hombres;14 Murcia, Región de;De 20 a 24 años;2023;46,95
Hombres;14 Murcia, Región de;De 20 a 24 años;2022;42,56
Hombres;14 Murcia, Región de;De 20 a 24 años;2021;46,78
Hombres;14 Murcia, Región de;De 25 a 54 años;2023;81,77
Hombres;14 Murcia, Región de;De 25 a 54 años;2022;81,41
Hombres;14 Murcia, Región de;De 25 a 54 años;2021;81,27
Hombres;14 Murcia, Región de;55 y más años;2023;34,90
Hombres;14 Murcia, Región de;55 y más años;2022;34,39
Hombres;14 Murcia, Región de;55 y más años;2021;36,26
Hombres;15 Navarra, Comunidad Foral de;Total;2023;57,55
Hombres;15 Navarra, Comunidad Foral de;Total;2022;57,76
Hombres;15 Navarra, Comunidad Foral de;Total;2021;55,36
Hombres;15 Navarra, Comunidad Foral de;Menores de 25 años;2023;27,49
Hombres;15 Navarra, Comunidad Foral de;Menores de 25 años;2022;29,28
Hombres;15 Navarra, Comunidad Foral de;Menores de 25 años;2021;27,66
Hombres;15 Navarra, Comunidad Foral de;25 y más años;2023;61,89
Hombres;15 Navarra, Comunidad Foral de;25 y más años;2022;61,81
Hombres;15 Navarra, Comunidad Foral de;25 y más años;2021;59,21
Hombres;15 Navarra, Comunidad Foral de;De 16 a 19 años;2023;6,21
Hombres;15 Navarra, Comunidad Foral de;De 16 a 19 años;2022;5,53
Hombres;15 Navarra, Comunidad Foral de;De 16 a 19 años;2021;5,43
Hombres;15 Navarra, Comunidad Foral de;De 20 a 24 años;2023;44,70
Hombres;15 Navarra, Comunidad Foral de;De 20 a 24 años;2022;48,91
Hombres;15 Navarra, Comunidad Foral de;De 20 a 24 años;2021;46,03
Hombres;15 Navarra, Comunidad Foral de;De 25 a 54 años;2023;86,03
Hombres;15 Navarra, Comunidad Foral de;De 25 a 54 años;2022;85,33
Hombres;15 Navarra, Comunidad Foral de;De 25 a 54 años;2021;81,70
Hombres;15 Navarra, Comunidad Foral de;55 y más años;2023;31,50
Hombres;15 Navarra, Comunidad Foral de;55 y más años;2022;31,60
Hombres;15 Navarra, Comunidad Foral de;55 y más años;2021;29,54
Hombres;16 País Vasco;Total;2023;57,03
Hombres;16 País Vasco;Total;2022;56,19
Hombres;16 País Vasco;Total;2021;54,21
Hombres;16 País Vasco;Menores de 25 años;2023;25,74
Hombres;16 País Vasco;Menores de 25 años;2022;28,69
Hombres;16 País Vasco;Menores de 25 años;2021;23,69
Hombres;16 País Vasco;25 y más años;2023;61,12
Hombres;16 País Vasco;25 y más años;2022;59,58
Hombres;16 País Vasco;25 y más años;2021;57,93
Hombres;16 País Vasco;De 16 a 19 años;2023;6,19
Hombres;16 País Vasco;De 16 a 19 años;2022;7,61
Hombres;16 País Vasco;De 16 a 19 años;2021;5,39
Hombres;16 País Vasco;De 20 a 24 años;2023;42,37
Hombres;16 País Vasco;De 20 a 24 años;2022;45,99
Hombres;16 País Vasco;De 20 a 24 años;2021;39,48
Hombres;16 País Vasco;De 25 a 54 años;2023;87,53
Hombres;16 País Vasco;De 25 a 54 años;2022;85,68
Hombres;16 País Vasco;De 25 a 54 años;2021;84,09
Hombres;16 País Vasco;55 y más años;2023;32,38
Hombres;16 País Vasco;55 y más años;2022;30,61
Hombres;16 País Vasco;55 y más años;2021;28,04
Hombres;17 Rioja, La;Total;2023;59,15
Hombres;17 Rioja, La;Total;2022;59,03
Hombres;17 Rioja, La;Total;2021;59,16
Hombres;17 Rioja, La;Menores de 25 años;2023;27,41
Hombres;17 Rioja, La;Menores de 25 años;2022;27,50
Hombres;17 Rioja, La;Menores de 25 años;2021;30,68
Hombres;17 Rioja, La;25 y más años;2023;63,40
Hombres;17 Rioja, La;25 y más años;2022;63,00
Hombres;17 Rioja, La;25 y más años;2021;62,60
Hombres;17 Rioja, La;De 16 a 19 años;2023;8,21
Hombres;17 Rioja, La;De 16 a 19 años;2022;8,98
Hombres;17 Rioja, La;De 16 a 19 años;2021;8,26
Hombres;17 Rioja, La;De 20 a 24 años;2023;44,42
Hombres;17 Rioja, La;De 20 a 24 años;2022;42,79
Hombres;17 Rioja, La;De 20 a 24 años;2021;48,41
Hombres;17 Rioja, La;De 25 a 54 años;2023;87,35
Hombres;17 Rioja, La;De 25 a 54 años;2022;86,55
Hombres;17 Rioja, La;De 25 a 54 años;2021;87,48
Hombres;17 Rioja, La;55 y más años;2023;35,11
Hombres;17 Rioja, La;55 y más años;2022;34,69
Hombres;17 Rioja, La;55 y más años;2021;31,91
Hombres;18 Ceuta;Total;2023;52,29
Hombres;18 Ceuta;Total;2022;53,41
Hombres;18 Ceuta;Total;2021;48,09
Hombres;18 Ceuta;Menores de 25 años;2023;12,58
Hombres;18 Ceuta;Menores de 25 años;2022;33,19
Hombres;18 Ceuta;Menores de 25 años;2021;14,77
Hombres;18 Ceuta;25 y más años;2023;58,89
Hombres;18 Ceuta;25 y más años;2022;57,20
Hombres;18 Ceuta;25 y más años;2021;54,74
Hombres;18 Ceuta;De 16 a 19 años;2023;1,00
Hombres;18 Ceuta;De 16 a 19 años;2022;2,87
Hombres;18 Ceuta;De 16 a 19 años;2021;..
Hombres;18 Ceuta;De 20 a 24 años;2023;33,52
Hombres;18 Ceuta;De 20 a 24 años;2022;46,81
Hombres;18 Ceuta;De 20 a 24 años;2021;22,29
Hombres;18 Ceuta;De 25 a 54 años;2023;69,97
Hombres;18 Ceuta;De 25 a 54 años;2022;67,03
Hombres;18 Ceuta;De 25 a 54 años;2021;65,27
Hombres;18 Ceuta;55 y más años;2023;39,83
Hombres;18 Ceuta;55 y más años;2022;41,82
Hombres;18 Ceuta;55 y más años;2021;40,91
Hombres;19 Melilla;Total;2023;48,33
Hombres;19 Melilla;Total;2022;55,01
Hombres;19 Melilla;Total;2021;56,71
Hombres;19 Melilla;Menores de 25 años;2023;21,38
Hombres;19 Melilla;Menores de 25 años;2022;17,19
Hombres;19 Melilla;Menores de 25 años;2021;20,19
Hombres;19 Melilla;25 y más años;2023;54,65
Hombres;19 Melilla;25 y más años;2022;62,69
Hombres;19 Melilla;25 y más años;2021;63,55
Hombres;19 Melilla;De 16 a 19 años;2023;2,68
Hombres;19 Melilla;De 16 a 19 años;2022;..
Hombres;19 Melilla;De 16 a 19 años;2021;2,37
Hombres;19 Melilla;De 20 a 24 años;2023;28,47
Hombres;19 Melilla;De 20 a 24 años;2022;30,69
Hombres;19 Melilla;De 20 a 24 años;2021;35,85
Hombres;19 Melilla;De 25 a 54 años;2023;69,03
Hombres;19 Melilla;De 25 a 54 años;2022;79,72
Hombres;19 Melilla;De 25 a 54 años;2021;76,48
Hombres;19 Melilla;55 y más años;2023;33,22
Hombres;19 Melilla;55 y más años;2022;32,81
Hombres;19 Melilla;55 y más años;2021;34,67
Mujeres;Total Nacional;Total;2023;46,92
Mujeres;Total Nacional;Total;2022;45,89
Mujeres;Total Nacional;Total;2021;44,75
Mujeres;Total Nacional;Menores de 25 años;2023;25,00
Mujeres;Total Nacional;Menores de 25 años;2022;23,84
Mujeres;Total Nacional;Menores de 25 años;2021;21,51
Mujeres;Total Nacional;25 y más años;2023;49,53
Mujeres;Total Nacional;25 y más años;2022;48,47
Mujeres;Total Nacional;25 y más años;2021;47,43
Mujeres;Total Nacional;De 16 a 19 años;2023;7,39
Mujeres;Total Nacional;De 16 a 19 años;2022;7,19
Mujeres;Total Nacional;De 16 a 19 años;2021;5,79
Mujeres;Total Nacional;De 20 a 24 años;2023;39,11
Mujeres;Total Nacional;De 20 a 24 años;2022;37,43
Mujeres;Total Nacional;De 20 a 24 años;2021;34,28
Mujeres;Total Nacional;De 25 a 54 años;2023;73,41
Mujeres;Total Nacional;De 25 a 54 años;2022;71,79
Mujeres;Total Nacional;De 25 a 54 años;2021;70,05
Mujeres;Total Nacional;55 y más años;2023;22,63
Mujeres;Total Nacional;55 y más años;2022;21,77
Mujeres;Total Nacional;55 y más años;2021;20,87
Mujeres;01 Andalucía;Total;2023;41,04
Mujeres;01 Andalucía;Total;2022;39,48
Mujeres;01 Andalucía;Total;2021;37,94
Mujeres;01 Andalucía;Menores de 25 años;2023;19,97
Mujeres;01 Andalucía;Menores de 25 años;2022;18,89
Mujeres;01 Andalucía;Menores de 25 años;2021;15,82
Mujeres;01 Andalucía;25 y más años;2023;43,72
Mujeres;01 Andalucía;25 y más años;2022;42,07
Mujeres;01 Andalucía;25 y más años;2021;40,70
Mujeres;01 Andalucía;De 16 a 19 años;2023;4,70
Mujeres;01 Andalucía;De 16 a 19 años;2022;4,71
Mujeres;01 Andalucía;De 16 a 19 años;2021;3,47
Mujeres;01 Andalucía;De 20 a 24 años;2023;32,66
Mujeres;01 Andalucía;De 20 a 24 años;2022;30,70
Mujeres;01 Andalucía;De 20 a 24 años;2021;26,09
Mujeres;01 Andalucía;De 25 a 54 años;2023;64,57
Mujeres;01 Andalucía;De 25 a 54 años;2022;62,29
Mujeres;01 Andalucía;De 25 a 54 años;2021;59,69
Mujeres;01 Andalucía;55 y más años;2023;18,80
Mujeres;01 Andalucía;55 y más años;2022;17,29
Mujeres;01 Andalucía;55 y más años;2021;16,72
Mujeres;02 Aragón;Total;2023;48,70
Mujeres;02 Aragón;Total;2022;48,02
Mujeres;02 Aragón;Total;2021;47,49
Mujeres;02 Aragón;Menores de 25 años;2023;22,33
Mujeres;02 Aragón;Menores de 25 años;2022;21,96
Mujeres;02 Aragón;Menores de 25 años;2021;21,44
Mujeres;02 Aragón;25 y más años;2023;51,77
Mujeres;02 Aragón;25 y más años;2022;51,00
Mujeres;02 Aragón;25 y más años;2021;50,38
Mujeres;02 Aragón;De 16 a 19 años;2023;5,83
Mujeres;02 Aragón;De 16 a 19 años;2022;7,04
Mujeres;02 Aragón;De 16 a 19 años;2021;4,22
Mujeres;02 Aragón;De 20 a 24 años;2023;35,90
Mujeres;02 Aragón;De 20 a 24 años;2022;34,50
Mujeres;02 Aragón;De 20 a 24 años;2021;35,57
Mujeres;02 Aragón;De 25 a 54 años;2023;79,40
Mujeres;02 Aragón;De 25 a 54 años;2022;76,80
Mujeres;02 Aragón;De 25 a 54 años;2021;76,16
Mujeres;02 Aragón;55 y más años;2023;23,57
Mujeres;02 Aragón;55 y más años;2022;24,36
Mujeres;02 Aragón;55 y más años;2021;23,03
Mujeres;03 Asturias, Principado de;Total;2023;41,43
Mujeres;03 Asturias, Principado de;Total;2022;39,21
Mujeres;03 Asturias, Principado de;Total;2021;40,09
Mujeres;03 Asturias, Principado de;Menores de 25 años;2023;21,39
Mujeres;03 Asturias, Principado de;Menores de 25 años;2022;18,30
Mujeres;03 Asturias, Principado de;Menores de 25 años;2021;14,71
Mujeres;03 Asturias, Principado de;25 y más años;2023;43,13
Mujeres;03 Asturias, Principado de;25 y más años;2022;40,96
Mujeres;03 Asturias, Principado de;25 y más años;2021;42,08
Mujeres;03 Asturias, Principado de;De 16 a 19 años;2023;4,81
Mujeres;03 Asturias, Principado de;De 16 a 19 años;2022;3,33
Mujeres;03 Asturias, Principado de;De 16 a 19 años;2021;0,96
Mujeres;03 Asturias, Principado de;De 20 a 24 años;2023;35,46
Mujeres;03 Asturias, Principado de;De 20 a 24 años;2022;31,41
Mujeres;03 Asturias, Principado de;De 20 a 24 años;2021;25,64
Mujeres;03 Asturias, Principado de;De 25 a 54 años;2023;71,68
Mujeres;03 Asturias, Principado de;De 25 a 54 años;2022;68,21
Mujeres;03 Asturias, Principado de;De 25 a 54 años;2021;69,38
Mujeres;03 Asturias, Principado de;55 y más años;2023;20,21
Mujeres;03 Asturias, Principado de;55 y más años;2022;18,71
Mujeres;03 Asturias, Principado de;55 y más años;2021;19,23
Mujeres;04 Balears, Illes;Total;2023;53,21
Mujeres;04 Balears, Illes;Total;2022;52,15
Mujeres;04 Balears, Illes;Total;2021;49,53
Mujeres;04 Balears, Illes;Menores de 25 años;2023;31,56
Mujeres;04 Balears, Illes;Menores de 25 años;2022;29,94
Mujeres;04 Balears, Illes;Menores de 25 años;2021;21,71
Mujeres;04 Balears, Illes;25 y más años;2023;55,84
Mujeres;04 Balears, Illes;25 y más años;2022;54,78
Mujeres;04 Balears, Illes;25 y más años;2021;52,78
Mujeres;04 Balears, Illes;De 16 a 19 años;2023;9,56
Mujeres;04 Balears, Illes;De 16 a 19 años;2022;8,38
Mujeres;04 Balears, Illes;De 16 a 19 años;2021;6,29
Mujeres;04 Balears, Illes;De 20 a 24 años;2023;48,34
Mujeres;04 Balears, Illes;De 20 a 24 años;2022;46,64
Mujeres;04 Balears, Illes;De 20 a 24 años;2021;33,75
Mujeres;04 Balears, Illes;De 25 a 54 años;2023;74,96
Mujeres;04 Balears, Illes;De 25 a 54 años;2022;74,65
Mujeres;04 Balears, Illes;De 25 a 54 años;2021;70,43
Mujeres;04 Balears, Illes;55 y más años;2023;28,14
Mujeres;04 Balears, Illes;55 y más años;2022;25,71
Mujeres;04 Balears, Illes;55 y más años;2021;26,38
Mujeres;05 Canarias;Total;2023;45,22
Mujeres;05 Canarias;Total;2022;44,41
Mujeres;05 Canarias;Total;2021;41,43
Mujeres;05 Canarias;Menores de 25 años;2023;22,92
Mujeres;05 Canarias;Menores de 25 años;2022;16,55
Mujeres;05 Canarias;Menores de 25 años;2021;13,94
Mujeres;05 Canarias;25 y más años;2023;47,89
Mujeres;05 Canarias;25 y más años;2022;47,77
Mujeres;05 Canarias;25 y más años;2021;44,74
Mujeres;05 Canarias;De 16 a 19 años;2023;9,90
Mujeres;05 Canarias;De 16 a 19 años;2022;3,87
Mujeres;05 Canarias;De 16 a 19 años;2021;0,48
Mujeres;05 Canarias;De 20 a 24 años;2023;32,52
Mujeres;05 Canarias;De 20 a 24 años;2022;26,21
Mujeres;05 Canarias;De 20 a 24 años;2021;24,07
Mujeres;05 Canarias;De 25 a 54 años;2023;68,29
Mujeres;05 Canarias;De 25 a 54 años;2022;67,37
Mujeres;05 Canarias;De 25 a 54 años;2021;61,66
Mujeres;05 Canarias;55 y más años;2023;21,17
Mujeres;05 Canarias;55 y más años;2022;21,39
Mujeres;05 Canarias;55 y más años;2021;21,13
Mujeres;06 Cantabria;Total;2023;45,69
Mujeres;06 Cantabria;Total;2022;44,05
Mujeres;06 Cantabria;Total;2021;43,99
Mujeres;06 Cantabria;Menores de 25 años;2023;24,55
Mujeres;06 Cantabria;Menores de 25 años;2022;17,97
Mujeres;06 Cantabria;Menores de 25 años;2021;19,19
Mujeres;06 Cantabria;25 y más años;2023;47,84
Mujeres;06 Cantabria;25 y más años;2022;46,74
Mujeres;06 Cantabria;25 y más años;2021;46,35
Mujeres;06 Cantabria;De 16 a 19 años;2023;2,42
Mujeres;06 Cantabria;De 16 a 19 años;2022;2,48
Mujeres;06 Cantabria;De 16 a 19 años;2021;4,23
Mujeres;06 Cantabria;De 20 a 24 años;2023;42,08
Mujeres;06 Cantabria;De 20 a 24 años;2022;31,75
Mujeres;06 Cantabria;De 20 a 24 años;2021;31,20
Mujeres;06 Cantabria;De 25 a 54 años;2023;76,32
Mujeres;06 Cantabria;De 25 a 54 años;2022;72,97
Mujeres;06 Cantabria;De 25 a 54 años;2021;72,64
Mujeres;06 Cantabria;55 y más años;2023;20,89
Mujeres;06 Cantabria;55 y más años;2022;21,36
Mujeres;06 Cantabria;55 y más años;2021;20,20
Mujeres;07 Castilla y León;Total;2023;44,15
Mujeres;07 Castilla y León;Total;2022;44,96
Mujeres;07 Castilla y León;Total;2021;42,36
Mujeres;07 Castilla y León;Menores de 25 años;2023;20,00
Mujeres;07 Castilla y León;Menores de 25 años;2022;21,88
Mujeres;07 Castilla y León;Menores de 25 años;2021;19,36
Mujeres;07 Castilla y León;25 y más años;2023;46,57
Mujeres;07 Castilla y León;25 y más años;2022;47,23
Mujeres;07 Castilla y León;25 y más años;2021;44,59
Mujeres;07 Castilla y León;De 16 a 19 años;2023;6,05
Mujeres;07 Castilla y León;De 16 a 19 años;2022;5,76
Mujeres;07 Castilla y León;De 16 a 19 años;2021;2,95
Mujeres;07 Castilla y León;De 20 a 24 años;2023;31,28
Mujeres;07 Castilla y León;De 20 a 24 años;2022;34,88
Mujeres;07 Castilla y León;De 20 a 24 años;2021;32,40
Mujeres;07 Castilla y León;De 25 a 54 años;2023;74,62
Mujeres;07 Castilla y León;De 25 a 54 años;2022;76,03
Mujeres;07 Castilla y León;De 25 a 54 años;2021;72,49
Mujeres;07 Castilla y León;55 y más años;2023;22,82
Mujeres;07 Castilla y León;55 y más años;2022;22,36
Mujeres;07 Castilla y León;55 y más años;2021;19,81
Mujeres;08 Castilla - La Mancha;Total;2023;43,93
Mujeres;08 Castilla - La Mancha;Total;2022;42,36
Mujeres;08 Castilla - La Mancha;Total;2021;41,52
Mujeres;08 Castilla - La Mancha;Menores de 25 años;2023;22,82
Mujeres;08 Castilla - La Mancha;Menores de 25 años;2022;18,09
Mujeres;08 Castilla - La Mancha;Menores de 25 años;2021;17,81
Mujeres;08 Castilla - La Mancha;25 y más años;2023;46,60
Mujeres;08 Castilla - La Mancha;25 y más años;2022;45,41
Mujeres;08 Castilla - La Mancha;25 y más años;2021;44,42
Mujeres;08 Castilla - La Mancha;De 16 a 19 años;2023;5,47
Mujeres;08 Castilla - La Mancha;De 16 a 19 años;2022;5,58
Mujeres;08 Castilla - La Mancha;De 16 a 19 años;2021;6,25
Mujeres;08 Castilla - La Mancha;De 20 a 24 años;2023;36,94
Mujeres;08 Castilla - La Mancha;De 20 a 24 años;2022;28,33
Mujeres;08 Castilla - La Mancha;De 20 a 24 años;2021;26,70
Mujeres;08 Castilla - La Mancha;De 25 a 54 años;2023;68,51
Mujeres;08 Castilla - La Mancha;De 25 a 54 años;2022;67,17
Mujeres;08 Castilla - La Mancha;De 25 a 54 años;2021;65,48
Mujeres;08 Castilla - La Mancha;55 y más años;2023;21,27
Mujeres;08 Castilla - La Mancha;55 y más años;2022;19,66
Mujeres;08 Castilla - La Mancha;55 y más años;2021;18,77
Mujeres;09 Cataluña;Total;2023;52,04
Mujeres;09 Cataluña;Total;2022;50,85
Mujeres;09 Cataluña;Total;2021;49,91
Mujeres;09 Cataluña;Menores de 25 años;2023;34,41
Mujeres;09 Cataluña;Menores de 25 años;2022;33,13
Mujeres;09 Cataluña;Menores de 25 años;2021;29,99
Mujeres;09 Cataluña;25 y más años;2023;54,29
Mujeres;09 Cataluña;25 y más años;2022;53,04
Mujeres;09 Cataluña;25 y más años;2021;52,30
Mujeres;09 Cataluña;De 16 a 19 años;2023;14,05
Mujeres;09 Cataluña;De 16 a 19 años;2022;13,35
Mujeres;09 Cataluña;De 16 a 19 años;2021;11,04
Mujeres;09 Cataluña;De 20 a 24 años;2023;51,30
Mujeres;09 Cataluña;De 20 a 24 años;2022;49,54
Mujeres;09 Cataluña;De 20 a 24 años;2021;45,49
Mujeres;09 Cataluña;De 25 a 54 años;2023;78,86
Mujeres;09 Cataluña;De 25 a 54 años;2022;77,74
Mujeres;09 Cataluña;De 25 a 54 años;2021;76,66
Mujeres;09 Cataluña;55 y más años;2023;25,04
Mujeres;09 Cataluña;55 y más años;2022;23,36
Mujeres;09 Cataluña;55 y más años;2021;22,37
Mujeres;10 Comunitat Valenciana;Total;2023;46,32
Mujeres;10 Comunitat Valenciana;Total;2022;45,36
Mujeres;10 Comunitat Valenciana;Total;2021;43,15
Mujeres;10 Comunitat Valenciana;Menores de 25 años;2023;25,35
Mujeres;10 Comunitat Valenciana;Menores de 25 años;2022;25,91
Mujeres;10 Comunitat Valenciana;Menores de 25 años;2021;21,58
Mujeres;10 Comunitat Valenciana;25 y más años;2023;48,89
Mujeres;10 Comunitat Valenciana;25 y más años;2022;47,64
Mujeres;10 Comunitat Valenciana;25 y más años;2021;45,66
Mujeres;10 Comunitat Valenciana;De 16 a 19 años;2023;6,31
Mujeres;10 Comunitat Valenciana;De 16 a 19 años;2022;7,85
Mujeres;10 Comunitat Valenciana;De 16 a 19 años;2021;6,10
Mujeres;10 Comunitat Valenciana;De 20 a 24 años;2023;41,47
Mujeres;10 Comunitat Valenciana;De 20 a 24 años;2022;40,61
Mujeres;10 Comunitat Valenciana;De 20 a 24 años;2021;34,44
Mujeres;10 Comunitat Valenciana;De 25 a 54 años;2023;72,72
Mujeres;10 Comunitat Valenciana;De 25 a 54 años;2022;70,05
Mujeres;10 Comunitat Valenciana;De 25 a 54 años;2021;67,73
Mujeres;10 Comunitat Valenciana;55 y más años;2023;22,27
Mujeres;10 Comunitat Valenciana;55 y más años;2022;22,35
Mujeres;10 Comunitat Valenciana;55 y más años;2021;20,19
Mujeres;11 Extremadura;Total;2023;39,86
Mujeres;11 Extremadura;Total;2022;39,21
Mujeres;11 Extremadura;Total;2021;36,99
Mujeres;11 Extremadura;Menores de 25 años;2023;14,84
Mujeres;11 Extremadura;Menores de 25 años;2022;15,89
Mujeres;11 Extremadura;Menores de 25 años;2021;13,52
Mujeres;11 Extremadura;25 y más años;2023;42,76
Mujeres;11 Extremadura;25 y más años;2022;42,01
Mujeres;11 Extremadura;25 y más años;2021;39,73
Mujeres;11 Extremadura;De 16 a 19 años;2023;3,39
Mujeres;11 Extremadura;De 16 a 19 años;2022;2,83
Mujeres;11 Extremadura;De 16 a 19 años;2021;2,66
Mujeres;11 Extremadura;De 20 a 24 años;2023;23,71
Mujeres;11 Extremadura;De 20 a 24 años;2022;26,91
Mujeres;11 Extremadura;De 20 a 24 años;2021;21,96
Mujeres;11 Extremadura;De 25 a 54 años;2023;67,11
Mujeres;11 Extremadura;De 25 a 54 años;2022;65,72
Mujeres;11 Extremadura;De 25 a 54 años;2021;62,18
Mujeres;11 Extremadura;55 y más años;2023;18,38
Mujeres;11 Extremadura;55 y más años;2022;17,55
Mujeres;11 Extremadura;55 y más años;2021;15,88
Mujeres;12 Galicia;Total;2023;44,27
Mujeres;12 Galicia;Total;2022;43,32
Mujeres;12 Galicia;Total;2021;42,08
Mujeres;12 Galicia;Menores de 25 años;2023;20,12
Mujeres;12 Galicia;Menores de 25 años;2022;15,65
Mujeres;12 Galicia;Menores de 25 años;2021;13,65
Mujeres;12 Galicia;25 y más años;2023;46,46
Mujeres;12 Galicia;25 y más años;2022;45,75
Mujeres;12 Galicia;25 y más años;2021;44,57
Mujeres;12 Galicia;De 16 a 19 años;2023;3,87
Mujeres;12 Galicia;De 16 a 19 años;2022;3,24
Mujeres;12 Galicia;De 16 a 19 años;2021;2,03
Mujeres;12 Galicia;De 20 a 24 años;2023;33,46
Mujeres;12 Galicia;De 20 a 24 años;2022;25,64
Mujeres;12 Galicia;De 20 a 24 años;2021;23,18
Mujeres;12 Galicia;De 25 a 54 años;2023;75,86
Mujeres;12 Galicia;De 25 a 54 años;2022;75,00
Mujeres;12 Galicia;De 25 a 54 años;2021;72,08
Mujeres;12 Galicia;55 y más años;2023;20,65
Mujeres;12 Galicia;55 y más años;2022;19,55
Mujeres;12 Galicia;55 y más años;2021;19,33
Mujeres;13 Madrid, Comunidad de;Total;2023;52,52
Mujeres;13 Madrid, Comunidad de;Total;2022;51,53
Mujeres;13 Madrid, Comunidad de;Total;2021;52,15
Mujeres;13 Madrid, Comunidad de;Menores de 25 años;2023;27,30
Mujeres;13 Madrid, Comunidad de;Menores de 25 años;2022;27,96
Mujeres;13 Madrid, Comunidad de;Menores de 25 años;2021;28,54
Mujeres;13 Madrid, Comunidad de;25 y más años;2023;55,52
Mujeres;13 Madrid, Comunidad de;25 y más años;2022;54,35
Mujeres;13 Madrid, Comunidad de;25 y más años;2021;54,89
Mujeres;13 Madrid, Comunidad de;De 16 a 19 años;2023;6,52
Mujeres;13 Madrid, Comunidad de;De 16 a 19 años;2022;7,56
Mujeres;13 Madrid, Comunidad de;De 16 a 19 años;2021;7,73
Mujeres;13 Madrid, Comunidad de;De 20 a 24 años;2023;42,11
Mujeres;13 Madrid, Comunidad de;De 20 a 24 años;2022;44,24
Mujeres;13 Madrid, Comunidad de;De 20 a 24 años;2021;45,06
Mujeres;13 Madrid, Comunidad de;De 25 a 54 años;2023;78,53
Mujeres;13 Madrid, Comunidad de;De 25 a 54 años;2022;76,71
Mujeres;13 Madrid, Comunidad de;De 25 a 54 años;2021;77,74
Mujeres;13 Madrid, Comunidad de;55 y más años;2023;26,35
Mujeres;13 Madrid, Comunidad de;55 y más años;2022;25,69
Mujeres;13 Madrid, Comunidad de;55 y más años;2021;24,97
Mujeres;14 Murcia, Región de;Total;2023;45,59
Mujeres;14 Murcia, Región de;Total;2022;45,28
Mujeres;14 Murcia, Región de;Total;2021;43,91
Mujeres;14 Murcia, Región de;Menores de 25 años;2023;20,72
Mujeres;14 Murcia, Región de;Menores de 25 años;2022;23,29
Mujeres;14 Murcia, Región de;Menores de 25 años;2021;20,04
Mujeres;14 Murcia, Región de;25 y más años;2023;49,12
Mujeres;14 Murcia, Región de;25 y más años;2022;48,31
Mujeres;14 Murcia, Región de;25 y más años;2021;47,24
Mujeres;14 Murcia, Región de;De 16 a 19 años;2023;5,68
Mujeres;14 Murcia, Región de;De 16 a 19 años;2022;7,29
Mujeres;14 Murcia, Región de;De 16 a 19 años;2021;6,38
Mujeres;14 Murcia, Región de;De 20 a 24 años;2023;33,22
Mujeres;14 Murcia, Región de;De 20 a 24 años;2022;36,09
Mujeres;14 Murcia, Región de;De 20 a 24 años;2021;31,64
Mujeres;14 Murcia, Región de;De 25 a 54 años;2023;68,90
Mujeres;14 Murcia, Región de;De 25 a 54 años;2022;67,29
Mujeres;14 Murcia, Región de;De 25 a 54 años;2021;66,11
Mujeres;14 Murcia, Región de;55 y más años;2023;23,18
Mujeres;14 Murcia, Región de;55 y más años;2022;22,81
Mujeres;14 Murcia, Región de;55 y más años;2021;21,22
Mujeres;15 Navarra, Comunidad Foral de;Total;2023;49,03
Mujeres;15 Navarra, Comunidad Foral de;Total;2022;49,05
Mujeres;15 Navarra, Comunidad Foral de;Total;2021;49,46
Mujeres;15 Navarra, Comunidad Foral de;Menores de 25 años;2023;22,96
Mujeres;15 Navarra, Comunidad Foral de;Menores de 25 años;2022;24,14
Mujeres;15 Navarra, Comunidad Foral de;Menores de 25 años;2021;25,31
Mujeres;15 Navarra, Comunidad Foral de;25 y más años;2023;52,42
Mujeres;15 Navarra, Comunidad Foral de;25 y más años;2022;52,29
Mujeres;15 Navarra, Comunidad Foral de;25 y más años;2021;52,44
Mujeres;15 Navarra, Comunidad Foral de;De 16 a 19 años;2023;9,54
Mujeres;15 Navarra, Comunidad Foral de;De 16 a 19 años;2022;6,04
Mujeres;15 Navarra, Comunidad Foral de;De 16 a 19 años;2021;4,17
Mujeres;15 Navarra, Comunidad Foral de;De 20 a 24 años;2023;33,27
Mujeres;15 Navarra, Comunidad Foral de;De 20 a 24 años;2022;38,93
Mujeres;15 Navarra, Comunidad Foral de;De 20 a 24 años;2021;41,07
Mujeres;15 Navarra, Comunidad Foral de;De 25 a 54 años;2023;76,69
Mujeres;15 Navarra, Comunidad Foral de;De 25 a 54 años;2022;76,42
Mujeres;15 Navarra, Comunidad Foral de;De 25 a 54 años;2021;76,88
Mujeres;15 Navarra, Comunidad Foral de;55 y más años;2023;25,54
Mujeres;15 Navarra, Comunidad Foral de;55 y más años;2022;25,10
Mujeres;15 Navarra, Comunidad Foral de;55 y más años;2021;24,25
Mujeres;16 País Vasco;Total;2023;48,28
Mujeres;16 País Vasco;Total;2022;47,42
Mujeres;16 País Vasco;Total;2021;47,12
Mujeres;16 País Vasco;Menores de 25 años;2023;24,85
Mujeres;16 País Vasco;Menores de 25 años;2022;21,67
Mujeres;16 País Vasco;Menores de 25 años;2021;21,94
Mujeres;16 País Vasco;25 y más años;2023;50,82
Mujeres;16 País Vasco;25 y más años;2022;50,10
Mujeres;16 País Vasco;25 y más años;2021;49,74
Mujeres;16 País Vasco;De 16 a 19 años;2023;6,70
Mujeres;16 País Vasco;De 16 a 19 años;2022;7,50
Mujeres;16 País Vasco;De 16 a 19 años;2021;6,12
Mujeres;16 País Vasco;De 20 a 24 años;2023;39,25
Mujeres;16 País Vasco;De 20 a 24 años;2022;33,04
Mujeres;16 País Vasco;De 20 a 24 años;2021;35,31
Mujeres;16 País Vasco;De 25 a 54 años;2023;81,31
Mujeres;16 País Vasco;De 25 a 54 años;2022;79,44
Mujeres;16 País Vasco;De 25 a 54 años;2021;77,60
Mujeres;16 País Vasco;55 y más años;2023;22,83
Mujeres;16 País Vasco;55 y más años;2022;22,76
Mujeres;16 País Vasco;55 y más años;2021;23,16
Mujeres;17 Rioja, La;Total;2023;48,83
Mujeres;17 Rioja, La;Total;2022;49,48
Mujeres;17 Rioja, La;Total;2021;47,20
Mujeres;17 Rioja, La;Menores de 25 años;2023;21,51
Mujeres;17 Rioja, La;Menores de 25 años;2022;22,84
Mujeres;17 Rioja, La;Menores de 25 años;2021;19,31
Mujeres;17 Rioja, La;25 y más años;2023;52,08
Mujeres;17 Rioja, La;25 y más años;2022;52,51
Mujeres;17 Rioja, La;25 y más años;2021;50,46
Mujeres;17 Rioja, La;De 16 a 19 años;2023;11,89
Mujeres;17 Rioja, La;De 16 a 19 años;2022;7,17
Mujeres;17 Rioja, La;De 16 a 19 años;2021;4,68
Mujeres;17 Rioja, La;De 20 a 24 años;2023;29,67
Mujeres;17 Rioja, La;De 20 a 24 años;2022;35,66
Mujeres;17 Rioja, La;De 20 a 24 años;2021;32,00
Mujeres;17 Rioja, La;De 25 a 54 años;2023;78,32
Mujeres;17 Rioja, La;De 25 a 54 años;2022;80,07
Mujeres;17 Rioja, La;De 25 a 54 años;2021;76,14
Mujeres;17 Rioja, La;55 y más años;2023;24,81
Mujeres;17 Rioja, La;55 y más años;2022;23,28
Mujeres;17 Rioja, La;55 y más años;2021;22,55
Mujeres;18 Ceuta;Total;2023;37,29
Mujeres;18 Ceuta;Total;2022;35,02
Mujeres;18 Ceuta;Total;2021;34,12
Mujeres;18 Ceuta;Menores de 25 años;2023;18,70
Mujeres;18 Ceuta;Menores de 25 años;2022;12,72
Mujeres;18 Ceuta;Menores de 25 años;2021;10,05
Mujeres;18 Ceuta;25 y más años;2023;40,88
Mujeres;18 Ceuta;25 y más años;2022;39,31
Mujeres;18 Ceuta;25 y más años;2021;38,72
Mujeres;18 Ceuta;De 16 a 19 años;2023;2,17
Mujeres;18 Ceuta;De 16 a 19 años;2022;3,54
Mujeres;18 Ceuta;De 16 a 19 años;2021;3,58
Mujeres;18 Ceuta;De 20 a 24 años;2023;32,64
Mujeres;18 Ceuta;De 20 a 24 años;2022;26,74
Mujeres;18 Ceuta;De 20 a 24 años;2021;16,79
Mujeres;18 Ceuta;De 25 a 54 años;2023;48,88
Mujeres;18 Ceuta;De 25 a 54 años;2022;44,78
Mujeres;18 Ceuta;De 25 a 54 años;2021;45,36
Mujeres;18 Ceuta;55 y más años;2023;27,75
Mujeres;18 Ceuta;55 y más años;2022;31,73
Mujeres;18 Ceuta;55 y más años;2021;30,41
Mujeres;19 Melilla;Total;2023;39,53
Mujeres;19 Melilla;Total;2022;41,93
Mujeres;19 Melilla;Total;2021;44,64
Mujeres;19 Melilla;Menores de 25 años;2023;21,09
Mujeres;19 Melilla;Menores de 25 años;2022;17,77
Mujeres;19 Melilla;Menores de 25 años;2021;12,62
Mujeres;19 Melilla;25 y más años;2023;42,82
Mujeres;19 Melilla;25 y más años;2022;46,27
Mujeres;19 Melilla;25 y más años;2021;50,47
Mujeres;19 Melilla;De 16 a 19 años;2023;2,10
Mujeres;19 Melilla;De 16 a 19 años;2022;..
Mujeres;19 Melilla;De 16 a 19 años;2021;..
Mujeres;19 Melilla;De 20 a 24 años;2023;32,83
Mujeres;19 Melilla;De 20 a 24 años;2022;29,34
Mujeres;19 Melilla;De 20 a 24 años;2021;24,75
Mujeres;19 Melilla;De 25 a 54 años;2023;56,90
Mujeres;19 Melilla;De 25 a 54 años;2022;53,32
Mujeres;19 Melilla;De 25 a 54 años;2021;59,01
Mujeres;19 Melilla;55 y más años;2023;22,38
Mujeres;19 Melilla;55 y más años;2022;33,69
Mujeres;19 Melilla;55 y más años;2021;31,99
